{
  "top10": [
    {
      "params": {
        "htf_ema_fast": 20,
        "htf_ema_slow": 50,
        "ema_fast": 20,
        "ema_slow": 50,
        "bos_lookback": 5,
        "st_period": 14,
        "st_mult": 1.5,
        "atr_period": 14,
        "sl_atr_mult": 1.2,
        "tp_atr_mult": 1.5,
        "use_trailing": false,
        "trail_atr_mult": 1.0,
        "atr_min_pct": 0.02,
        "active_hours": [
          13,
          14,
          15,
          16,
          17,
          18,
          19,
          20
        ],
        "cooldown_bars": 2,
        "rsi_period": 14,
        "rsi_min": 50
      },
      "win_rate": 74.0,
      "roi": 63.320769765843686,
      "max_dd": 3.0987007512691354,
      "trades": 100,
      "pf": 3.434230262606881,
      "sharpe": 5.918813562981686,
      "score": 54.308567756083654
    },
    {
      "params": {
        "htf_ema_fast": 20,
        "htf_ema_slow": 50,
        "ema_fast": 20,
        "ema_slow": 50,
        "bos_lookback": 5,
        "st_period": 14,
        "st_mult": 1.5,
        "atr_period": 14,
        "sl_atr_mult": 1.2,
        "tp_atr_mult": 1.5,
        "use_trailing": false,
        "trail_atr_mult": 1.0,
        "atr_min_pct": 0.03,
        "active_hours": [
          13,
          14,
          15,
          16,
          17,
          18,
          19,
          20
        ],
        "cooldown_bars": 2,
        "rsi_period": 14,
        "rsi_min": 50
      },
      "win_rate": 74.0,
      "roi": 63.320769765843686,
      "max_dd": 3.0987007512691354,
      "trades": 100,
      "pf": 3.434230262606881,
      "sharpe": 5.918813562981686,
      "score": 54.308567756083654
    },
    {
      "params": {
        "htf_ema_fast": 20,
        "htf_ema_slow": 50,
        "ema_fast": 20,
        "ema_slow": 50,
        "bos_lookback": 5,
        "st_period": 14,
        "st_mult": 1.5,
        "atr_period": 14,
        "sl_atr_mult": 1.2,
        "tp_atr_mult": 1.5,
        "use_trailing": false,
        "trail_atr_mult": 1.0,
        "atr_min_pct": 0.05,
        "active_hours": [
          13,
          14,
          15,
          16,
          17,
          18,
          19,
          20
        ],
        "cooldown_bars": 2,
        "rsi_period": 14,
        "rsi_min": 50
      },
      "win_rate": 74.0,
      "roi": 63.320769765843686,
      "max_dd": 3.0987007512691354,
      "trades": 100,
      "pf": 3.434230262606881,
      "sharpe": 5.918813562981686,
      "score": 54.308567756083654
    },
    {
      "params": {
        "htf_ema_fast": 20,
        "htf_ema_slow": 50,
        "ema_fast": 20,
        "ema_slow": 50,
        "bos_lookback": 5,
        "st_period": 14,
        "st_mult": 1.5,
        "atr_period": 14,
        "sl_atr_mult": 1.2,
        "tp_atr_mult": 1.5,
        "use_trailing": false,
        "trail_atr_mult": 1.0,
        "atr_min_pct": 0.02,
        "active_hours": [
          13,
          14,
          15,
          16,
          17,
          18,
          19,
          20
        ],
        "cooldown_bars": 2,
        "rsi_period": 14,
        "rsi_min": 55
      },
      "win_rate": 75.78947368421053,
      "roi": 61.48379149186331,
      "max_dd": 3.079407353756178,
      "trades": 95,
      "pf": 3.536542508632491,
      "sharpe": 5.926866787669583,
      "score": 54.2934245996783
    },
    {
      "params": {
        "htf_ema_fast": 20,
        "htf_ema_slow": 50,
        "ema_fast": 20,
        "ema_slow": 50,
        "bos_lookback": 5,
        "st_period": 14,
        "st_mult": 1.5,
        "atr_period": 14,
        "sl_atr_mult": 1.2,
        "tp_atr_mult": 1.5,
        "use_trailing": false,
        "trail_atr_mult": 1.0,
        "atr_min_pct": 0.03,
        "active_hours": [
          13,
          14,
          15,
          16,
          17,
          18,
          19,
          20
        ],
        "cooldown_bars": 2,
        "rsi_period": 14,
        "rsi_min": 55
      },
      "win_rate": 75.78947368421053,
      "roi": 61.48379149186331,
      "max_dd": 3.079407353756178,
      "trades": 95,
      "pf": 3.536542508632491,
      "sharpe": 5.926866787669583,
      "score": 54.2934245996783
    },
    {
      "params": {
        "htf_ema_fast": 20,
        "htf_ema_slow": 50,
        "ema_fast": 20,
        "ema_slow": 50,
        "bos_lookback": 5,
        "st_period": 14,
        "st_mult": 1.5,
        "atr_period": 14,
        "sl_atr_mult": 1.2,
        "tp_atr_mult": 1.5,
        "use_trailing": false,
        "trail_atr_mult": 1.0,
        "atr_min_pct": 0.05,
        "active_hours": [
          13,
          14,
          15,
          16,
          17,
          18,
          19,
          20
        ],
        "cooldown_bars": 2,
        "rsi_period": 14,
        "rsi_min": 55
      },
      "win_rate": 75.78947368421053,
      "roi": 61.48379149186331,
      "max_dd": 3.079407353756178,
      "trades": 95,
      "pf": 3.536542508632491,
      "sharpe": 5.926866787669583,
      "score": 54.2934245996783
    },
    {
      "params": {
        "htf_ema_fast": 20,
        "htf_ema_slow": 50,
        "ema_fast": 20,
        "ema_slow": 50,
        "bos_lookback": 5,
        "st_period": 7,
        "st_mult": 1.5,
        "atr_period": 14,
        "sl_atr_mult": 1.2,
        "tp_atr_mult": 1.5,
        "use_trailing": false,
        "trail_atr_mult": 1.0,
        "atr_min_pct": 0.02,
        "active_hours": [
          13,
          14,
          15,
          16,
          17,
          18,
          19,
          20
        ],
        "cooldown_bars": 2,
        "rsi_period": 14,
        "rsi_min": 50
      },
      "win_rate": 73.73737373737373,
      "roi": 62.88020354092245,
      "max_dd": 3.0687824653731566,
      "trades": 99,
      "pf": 3.4547454370425927,
      "sharpe": 5.908243277513709,
      "score": 54.03327441824385
    },
    {
      "params": {
        "htf_ema_fast": 20,
        "htf_ema_slow": 50,
        "ema_fast": 20,
        "ema_slow": 50,
        "bos_lookback": 5,
        "st_period": 7,
        "st_mult": 1.5,
        "atr_period": 14,
        "sl_atr_mult": 1.2,
        "tp_atr_mult": 1.5,
        "use_trailing": false,
        "trail_atr_mult": 1.0,
        "atr_min_pct": 0.03,
        "active_hours": [
          13,
          14,
          15,
          16,
          17,
          18,
          19,
          20
        ],
        "cooldown_bars": 2,
        "rsi_period": 14,
        "rsi_min": 50
      },
      "win_rate": 73.73737373737373,
      "roi": 62.88020354092245,
      "max_dd": 3.0687824653731566,
      "trades": 99,
      "pf": 3.4547454370425927,
      "sharpe": 5.908243277513709,
      "score": 54.03327441824385
    },
    {
      "params": {
        "htf_ema_fast": 20,
        "htf_ema_slow": 50,
        "ema_fast": 20,
        "ema_slow": 50,
        "bos_lookback": 5,
        "st_period": 7,
        "st_mult": 1.5,
        "atr_period": 14,
        "sl_atr_mult": 1.2,
        "tp_atr_mult": 1.5,
        "use_trailing": false,
        "trail_atr_mult": 1.0,
        "atr_min_pct": 0.05,
        "active_hours": [
          13,
          14,
          15,
          16,
          17,
          18,
          19,
          20
        ],
        "cooldown_bars": 2,
        "rsi_period": 14,
        "rsi_min": 50
      },
      "win_rate": 73.73737373737373,
      "roi": 62.88020354092245,
      "max_dd": 3.0687824653731566,
      "trades": 99,
      "pf": 3.4547454370425927,
      "sharpe": 5.908243277513709,
      "score": 54.03327441824385
    },
    {
      "params": {
        "htf_ema_fast": 20,
        "htf_ema_slow": 50,
        "ema_fast": 20,
        "ema_slow": 50,
        "bos_lookback": 5,
        "st_period": 7,
        "st_mult": 1.5,
        "atr_period": 14,
        "sl_atr_mult": 1.2,
        "tp_atr_mult": 1.5,
        "use_trailing": false,
        "trail_atr_mult": 1.0,
        "atr_min_pct": 0.02,